article,timestamp,user,date
Iran-Israel proxy conflict,2025-06-27T11:59:24Z,EmausBot,2025-06-27
Iran-Israel proxy conflict,2025-09-02T20:04:07Z,WikiCleanerMan,2025-09-02
Iran-Israel relations,2025-06-22T12:48:13Z,AVDLCZ,2025-06-22
Israel-Hamas war,2025-01-27T19:06:41Z,Xqbot,2025-01-27
Israel-Hamas war,2025-01-29T17:35:08Z,2804:658C:2118:500:58A2:6287:FBFB:8B0A,2025-01-29
Israel-Hamas war,2025-01-29T18:00:33Z,Pppery,2025-01-29
Israel-Hamas war,2025-01-29T18:00:41Z,Pppery,2025-01-29
Israel-Hamas war,2025-02-24T15:04:10Z,UltrasonicMadness,2025-02-24
Red Sea crisis,2025-01-01T07:54:50Z,Pachu Kannan,2025-01-01
Red Sea crisis,2025-01-01T08:53:09Z,Whitesin21,2025-01-01
Red Sea crisis,2025-01-01T09:21:43Z,Achmad Rachmani,2025-01-01
Red Sea crisis,2025-01-01T09:22:09Z,Achmad Rachmani,2025-01-01
Red Sea crisis,2025-01-01T11:57:16Z,Pachu Kannan,2025-01-01
Red Sea crisis,2025-01-01T12:26:58Z,Achmad Rachmani,2025-01-01
Red Sea crisis,2025-01-01T12:27:42Z,Achmad Rachmani,2025-01-01
Red Sea crisis,2025-01-01T14:27:58Z,Linkin Prankster,2025-01-01
Red Sea crisis,2025-01-01T16:21:56Z,GoingBatty,2025-01-01
Red Sea crisis,2025-01-02T08:43:32Z,John of Reading,2025-01-02
Red Sea crisis,2025-01-02T15:18:01Z,Linkin Prankster,2025-01-02
Red Sea crisis,2025-01-03T04:10:12Z,Pachu Kannan,2025-01-03
Red Sea crisis,2025-01-03T04:22:31Z,Achmad Rachmani,2025-01-03
Red Sea crisis,2025-01-03T04:35:20Z,Pachu Kannan,2025-01-03
Red Sea crisis,2025-01-03T04:37:49Z,Pachu Kannan,2025-01-03
Red Sea crisis,2025-01-03T06:42:05Z,Pachu Kannan,2025-01-03
Red Sea crisis,2025-01-03T06:49:56Z,Achmad Rachmani,2025-01-03
Red Sea crisis,2025-01-03T06:50:15Z,Achmad Rachmani,2025-01-03
Red Sea crisis,2025-01-03T06:50:45Z,Achmad Rachmani,2025-01-03
Red Sea crisis,2025-01-03T08:02:31Z,Pachu Kannan,2025-01-03
Red Sea crisis,2025-01-03T08:06:03Z,Pachu Kannan,2025-01-03
Red Sea crisis,2025-01-03T08:07:09Z,Pachu Kannan,2025-01-03
Red Sea crisis,2025-01-03T08:30:24Z,Achmad Rachmani,2025-01-03
Red Sea crisis,2025-01-03T12:14:32Z,Achmad Rachmani,2025-01-03
Red Sea crisis,2025-01-03T13:40:58Z,Pachu Kannan,2025-01-03
Red Sea crisis,2025-01-03T13:41:31Z,Pachu Kannan,2025-01-03
Red Sea crisis,2025-01-03T13:52:56Z,Achmad Rachmani,2025-01-03
Red Sea crisis,2025-01-03T16:09:37Z,Linkin Prankster,2025-01-03
Red Sea crisis,2025-01-04T07:46:02Z,GünniX,2025-01-04
Red Sea crisis,2025-01-04T10:14:04Z,Linkin Prankster,2025-01-04
Red Sea crisis,2025-01-04T10:17:46Z,Linkin Prankster,2025-01-04
Red Sea crisis,2025-01-04T12:49:29Z,Linkin Prankster,2025-01-04
Red Sea crisis,2025-01-04T13:56:34Z,Mr.User200,2025-01-04
Red Sea crisis,2025-01-05T05:15:33Z,Pachu Kannan,2025-01-05
Red Sea crisis,2025-01-05T06:52:50Z,Achmad Rachmani,2025-01-05
Red Sea crisis,2025-01-05T06:55:04Z,Achmad Rachmani,2025-01-05
Red Sea crisis,2025-01-05T06:56:12Z,Achmad Rachmani,2025-01-05
Red Sea crisis,2025-01-05T06:57:56Z,Achmad Rachmani,2025-01-05
Red Sea crisis,2025-01-05T07:24:00Z,Pachu Kannan,2025-01-05
Red Sea crisis,2025-01-05T07:55:16Z,Achmad Rachmani,2025-01-05
Red Sea crisis,2025-01-05T09:34:18Z,Linkin Prankster,2025-01-05
Red Sea crisis,2025-01-06T06:17:22Z,Linkin Prankster,2025-01-06
Red Sea crisis,2025-01-06T12:43:46Z,Eastfarthingan,2025-01-06
Red Sea crisis,2025-01-06T19:50:37Z,Pachu Kannan,2025-01-06
Red Sea crisis,2025-01-07T04:09:58Z,Achmad Rachmani,2025-01-07
Red Sea crisis,2025-01-07T04:12:00Z,Achmad Rachmani,2025-01-07
Red Sea crisis,2025-01-07T06:28:39Z,Linkin Prankster,2025-01-07
Red Sea crisis,2025-01-08T13:37:02Z,Pachu Kannan,2025-01-08
Red Sea crisis,2025-01-08T13:45:31Z,Achmad Rachmani,2025-01-08
Red Sea crisis,2025-01-08T14:06:37Z,Pachu Kannan,2025-01-08
Red Sea crisis,2025-01-08T14:20:24Z,Achmad Rachmani,2025-01-08
Red Sea crisis,2025-01-08T18:43:40Z,Chomik1129,2025-01-08
Red Sea crisis,2025-01-08T18:52:21Z,Chomik1129,2025-01-08
Red Sea crisis,2025-01-08T18:58:32Z,Chomik1129,2025-01-08
Red Sea crisis,2025-01-09T03:38:32Z,Pachu Kannan,2025-01-09
Red Sea crisis,2025-01-09T04:32:43Z,Achmad Rachmani,2025-01-09
Red Sea crisis,2025-01-09T04:33:34Z,Achmad Rachmani,2025-01-09
Red Sea crisis,2025-01-09T08:02:02Z,Linkin Prankster,2025-01-09
Red Sea crisis,2025-01-09T16:22:04Z,Linkin Prankster,2025-01-09
Red Sea crisis,2025-01-09T21:28:36Z,Chomik1129,2025-01-09
Red Sea crisis,2025-01-09T23:10:48Z,Achmad Rachmani,2025-01-09
Red Sea crisis,2025-01-09T23:11:49Z,Achmad Rachmani,2025-01-09
Red Sea crisis,2025-01-10T06:39:17Z,Linkin Prankster,2025-01-10
Red Sea crisis,2025-01-10T06:56:42Z,Linkin Prankster,2025-01-10
Red Sea crisis,2025-01-10T11:50:03Z,Pachu Kannan,2025-01-10
Red Sea crisis,2025-01-10T11:50:52Z,Pachu Kannan,2025-01-10
Red Sea crisis,2025-01-10T12:19:44Z,Achmad Rachmani,2025-01-10
Red Sea crisis,2025-01-10T12:31:20Z,Pachu Kannan,2025-01-10
Red Sea crisis,2025-01-10T12:38:02Z,Achmad Rachmani,2025-01-10
Red Sea crisis,2025-01-10T12:39:18Z,Achmad Rachmani,2025-01-10
Red Sea crisis,2025-01-10T13:45:55Z,Chomik1129,2025-01-10
Red Sea crisis,2025-01-10T14:41:16Z,Pachu Kannan,2025-01-10
Red Sea crisis,2025-01-10T14:53:12Z,Achmad Rachmani,2025-01-10
Red Sea crisis,2025-01-10T17:18:56Z,Pachu Kannan,2025-01-10
Red Sea crisis,2025-01-10T22:40:05Z,Achmad Rachmani,2025-01-10
Red Sea crisis,2025-01-10T22:41:10Z,Achmad Rachmani,2025-01-10
Red Sea crisis,2025-01-10T23:42:46Z,Whitesin21,2025-01-10
Red Sea crisis,2025-01-11T02:31:29Z,Achmad Rachmani,2025-01-11
Red Sea crisis,2025-01-11T02:32:25Z,Achmad Rachmani,2025-01-11
Red Sea crisis,2025-01-11T02:33:05Z,Achmad Rachmani,2025-01-11
Red Sea crisis,2025-01-11T02:38:02Z,Achmad Rachmani,2025-01-11
Red Sea crisis,2025-01-11T02:39:29Z,Achmad Rachmani,2025-01-11
Red Sea crisis,2025-01-11T09:15:15Z,Linkin Prankster,2025-01-11
Red Sea crisis,2025-01-11T09:20:01Z,Linkin Prankster,2025-01-11
Red Sea crisis,2025-01-11T09:46:30Z,Linkin Prankster,2025-01-11
Red Sea crisis,2025-01-11T09:48:43Z,Linkin Prankster,2025-01-11
Red Sea crisis,2025-01-11T10:04:35Z,Linkin Prankster,2025-01-11
Red Sea crisis,2025-01-12T03:34:46Z,Pachu Kannan,2025-01-12
Red Sea crisis,2025-01-12T04:09:09Z,Achmad Rachmani,2025-01-12
Red Sea crisis,2025-01-12T04:10:10Z,Achmad Rachmani,2025-01-12
Red Sea crisis,2025-01-12T07:53:29Z,Linkin Prankster,2025-01-12
Red Sea crisis,2025-01-12T18:49:18Z,PoliceClarity,2025-01-12
Red Sea crisis,2025-01-13T06:56:00Z,Pachu Kannan,2025-01-13
Red Sea crisis,2025-01-13T07:57:39Z,Linkin Prankster,2025-01-13
Red Sea crisis,2025-01-13T08:29:35Z,Achmad Rachmani,2025-01-13
Red Sea crisis,2025-01-13T17:06:12Z,Pachu Kannan,2025-01-13
Red Sea crisis,2025-01-13T17:23:11Z,Achmad Rachmani,2025-01-13
Red Sea crisis,2025-01-13T19:20:01Z,Pachu Kannan,2025-01-13
Red Sea crisis,2025-01-13T20:02:23Z,Pachu Kannan,2025-01-13
Red Sea crisis,2025-01-13T22:59:20Z,Achmad Rachmani,2025-01-13
Red Sea crisis,2025-01-13T22:59:59Z,Achmad Rachmani,2025-01-13
Red Sea crisis,2025-01-14T04:27:28Z,Pachu Kannan,2025-01-14
Red Sea crisis,2025-01-14T06:11:51Z,Pachu Kannan,2025-01-14
Red Sea crisis,2025-01-14T06:18:23Z,Pachu Kannan,2025-01-14
Red Sea crisis,2025-01-14T06:36:40Z,Achmad Rachmani,2025-01-14
Red Sea crisis,2025-01-14T06:37:26Z,Achmad Rachmani,2025-01-14
Red Sea crisis,2025-01-14T07:32:02Z,Pachu Kannan,2025-01-14
Red Sea crisis,2025-01-14T07:39:08Z,Achmad Rachmani,2025-01-14
Red Sea crisis,2025-01-14T09:23:52Z,Pachu Kannan,2025-01-14
Red Sea crisis,2025-01-14T11:59:56Z,Linkin Prankster,2025-01-14
Red Sea crisis,2025-01-14T14:52:15Z,Pachu Kannan,2025-01-14
Red Sea crisis,2025-01-14T15:53:48Z,Achmad Rachmani,2025-01-14
Red Sea crisis,2025-01-14T15:57:42Z,Achmad Rachmani,2025-01-14
Red Sea crisis,2025-01-14T15:59:38Z,Achmad Rachmani,2025-01-14
Red Sea crisis,2025-01-14T19:39:51Z,Pachu Kannan,2025-01-14
Red Sea crisis,2025-01-14T23:27:01Z,Achmad Rachmani,2025-01-14
Red Sea crisis,2025-01-15T08:50:17Z,Linkin Prankster,2025-01-15
Red Sea crisis,2025-01-15T08:52:00Z,Linkin Prankster,2025-01-15
Red Sea crisis,2025-01-15T08:55:35Z,Linkin Prankster,2025-01-15
Red Sea crisis,2025-01-16T06:06:18Z,Linkin Prankster,2025-01-16
Red Sea crisis,2025-01-17T16:34:27Z,Arjayay,2025-01-17
Red Sea crisis,2025-01-17T17:26:04Z,Pachu Kannan,2025-01-17
Red Sea crisis,2025-01-17T22:06:11Z,Achmad Rachmani,2025-01-17
Red Sea crisis,2025-01-17T22:07:24Z,Achmad Rachmani,2025-01-17
Red Sea crisis,2025-01-17T22:08:49Z,Achmad Rachmani,2025-01-17
Red Sea crisis,2025-01-18T09:59:16Z,Pachu Kannan,2025-01-18
Red Sea crisis,2025-01-18T10:27:50Z,Achmad Rachmani,2025-01-18
Red Sea crisis,2025-01-18T14:10:24Z,Pachu Kannan,2025-01-18
Red Sea crisis,2025-01-18T14:14:50Z,Pachu Kannan,2025-01-18
Red Sea crisis,2025-01-18T14:23:01Z,Achmad Rachmani,2025-01-18
Red Sea crisis,2025-01-18T14:23:43Z,Achmad Rachmani,2025-01-18
Red Sea crisis,2025-01-18T16:11:10Z,Pachu Kannan,2025-01-18
Red Sea crisis,2025-01-18T16:28:59Z,Achmad Rachmani,2025-01-18
Red Sea crisis,2025-01-18T17:25:16Z,Linkin Prankster,2025-01-18
Red Sea crisis,2025-01-18T19:43:56Z,Pachu Kannan,2025-01-18
Red Sea crisis,2025-01-18T23:19:24Z,Achmad Rachmani,2025-01-18
Red Sea crisis,2025-01-19T04:00:57Z,Pachu Kannan,2025-01-19
Red Sea crisis,2025-01-19T04:09:15Z,Achmad Rachmani,2025-01-19
Red Sea crisis,2025-01-19T04:10:09Z,Achmad Rachmani,2025-01-19
Red Sea crisis,2025-01-19T04:14:34Z,Pachu Kannan,2025-01-19
Red Sea crisis,2025-01-19T04:20:31Z,Pachu Kannan,2025-01-19
Red Sea crisis,2025-01-19T05:42:36Z,Pachu Kannan,2025-01-19
Red Sea crisis,2025-01-19T06:29:43Z,Achmad Rachmani,2025-01-19
Red Sea crisis,2025-01-19T06:30:29Z,Achmad Rachmani,2025-01-19
Red Sea crisis,2025-01-19T22:03:10Z,Linkin Prankster,2025-01-19
Red Sea crisis,2025-01-19T22:05:24Z,Linkin Prankster,2025-01-19
Red Sea crisis,2025-01-19T22:38:10Z,Linkin Prankster,2025-01-19
Red Sea crisis,2025-01-20T06:44:02Z,Linkin Prankster,2025-01-20
Red Sea crisis,2025-01-20T10:57:17Z,Pachu Kannan,2025-01-20
Red Sea crisis,2025-01-20T10:58:12Z,Pachu Kannan,2025-01-20
Red Sea crisis,2025-01-20T11:20:41Z,Pachu Kannan,2025-01-20
Red Sea crisis,2025-01-20T11:22:22Z,Pachu Kannan,2025-01-20
Red Sea crisis,2025-01-20T11:26:13Z,Pachu Kannan,2025-01-20
Red Sea crisis,2025-01-20T11:40:01Z,Achmad Rachmani,2025-01-20
Red Sea crisis,2025-01-20T11:40:49Z,Achmad Rachmani,2025-01-20
Red Sea crisis,2025-01-21T19:44:20Z,Linkin Prankster,2025-01-21
Red Sea crisis,2025-01-22T14:43:08Z,Pachu Kannan,2025-01-22
Red Sea crisis,2025-01-22T17:01:06Z,Linkin Prankster,2025-01-22
Red Sea crisis,2025-01-22T22:06:23Z,Achmad Rachmani,2025-01-22
Red Sea crisis,2025-01-22T22:06:57Z,Achmad Rachmani,2025-01-22
Red Sea crisis,2025-01-23T14:11:12Z,Linkin Prankster,2025-01-23
Red Sea crisis,2025-01-23T14:12:11Z,Linkin Prankster,2025-01-23
Red Sea crisis,2025-01-23T17:41:46Z,Chomik1129,2025-01-23
Red Sea crisis,2025-01-23T17:56:28Z,Pachu Kannan,2025-01-23
Red Sea crisis,2025-01-24T09:50:30Z,KiranBOT,2025-01-24
Red Sea crisis,2025-01-24T16:45:42Z,Linkin Prankster,2025-01-24
Red Sea crisis,2025-01-25T08:46:18Z,Achmad Rachmani,2025-01-25
Red Sea crisis,2025-01-25T08:52:22Z,Achmad Rachmani,2025-01-25
Red Sea crisis,2025-01-25T08:53:07Z,Achmad Rachmani,2025-01-25
Red Sea crisis,2025-01-25T08:53:29Z,Achmad Rachmani,2025-01-25
Red Sea crisis,2025-01-25T10:04:46Z,Linkin Prankster,2025-01-25
Red Sea crisis,2025-01-25T20:54:45Z,Cannolis,2025-01-25
Red Sea crisis,2025-01-27T15:48:20Z,Yeshivish613,2025-01-27
Red Sea crisis,2025-01-27T21:43:52Z,Chomik1129,2025-01-27
Red Sea crisis,2025-01-28T17:12:43Z,Kenneth Kho,2025-01-28
Red Sea crisis,2025-01-31T12:46:54Z,Gonnym,2025-01-31
Red Sea crisis,2025-02-02T16:57:39Z,Linkin Prankster,2025-02-02
Red Sea crisis,2025-02-03T13:26:51Z,Linkin Prankster,2025-02-03
Red Sea crisis,2025-02-03T13:30:52Z,Linkin Prankster,2025-02-03
Red Sea crisis,2025-02-03T19:20:36Z,Linkin Prankster,2025-02-03
Red Sea crisis,2025-02-05T15:41:48Z,JJMC89 bot III,2025-02-05
Red Sea crisis,2025-02-05T15:43:18Z,JJMC89 bot III,2025-02-05
Red Sea crisis,2025-02-05T15:44:41Z,JJMC89 bot III,2025-02-05
Red Sea crisis,2025-02-12T12:45:48Z,Linkin Prankster,2025-02-12
Red Sea crisis,2025-02-12T12:49:24Z,Linkin Prankster,2025-02-12
Red Sea crisis,2025-02-12T12:50:49Z,Linkin Prankster,2025-02-12
Red Sea crisis,2025-02-12T12:54:53Z,Linkin Prankster,2025-02-12
Red Sea crisis,2025-02-14T03:36:23Z,Linkin Prankster,2025-02-14
Red Sea crisis,2025-02-14T06:11:52Z,PRRfan,2025-02-14
Red Sea crisis,2025-02-14T11:07:20Z,Linkin Prankster,2025-02-14
Red Sea crisis,2025-02-14T11:10:13Z,Linkin Prankster,2025-02-14
Red Sea crisis,2025-02-15T12:39:43Z,GreenC bot,2025-02-15
Red Sea crisis,2025-02-18T18:22:22Z,SpinnerLaserzthe2nd,2025-02-18
Red Sea crisis,2025-02-18T18:23:18Z,SpinnerLaserzthe2nd,2025-02-18
Red Sea crisis,2025-02-18T18:24:25Z,SpinnerLaserzthe2nd,2025-02-18
Red Sea crisis,2025-02-21T10:11:06Z,Mikrobølgeovn,2025-02-21
Red Sea crisis,2025-02-23T04:59:16Z,Chomik1129,2025-02-23
Red Sea crisis,2025-02-23T05:43:44Z,Linkin Prankster,2025-02-23
Red Sea crisis,2025-02-23T05:44:29Z,Linkin Prankster,2025-02-23
Red Sea crisis,2025-02-23T19:22:09Z,Moguy,2025-02-23
Red Sea crisis,2025-02-26T00:03:06Z,Unknown00000000,2025-02-26
Red Sea crisis,2025-02-26T01:15:56Z,Chomik1129,2025-02-26
Red Sea crisis,2025-02-26T01:20:52Z,Chomik1129,2025-02-26
Red Sea crisis,2025-03-02T02:49:37Z,Usernamekiran,2025-03-02
Red Sea crisis,2025-03-05T21:26:52Z,Achmad Rachmani,2025-03-05
Red Sea crisis,2025-03-06T12:07:28Z,Linkin Prankster,2025-03-06
Red Sea crisis,2025-03-06T12:08:18Z,Linkin Prankster,2025-03-06
Red Sea crisis,2025-03-06T22:20:59Z,Davidships,2025-03-06
Red Sea crisis,2025-03-07T09:10:26Z,Linkin Prankster,2025-03-07
Red Sea crisis,2025-03-08T15:18:05Z,Linkin Prankster,2025-03-08
Red Sea crisis,2025-03-08T15:19:03Z,Linkin Prankster,2025-03-08
Red Sea crisis,2025-03-08T15:20:45Z,Linkin Prankster,2025-03-08
Red Sea crisis,2025-03-08T23:04:19Z,Genabab,2025-03-08
Red Sea crisis,2025-03-08T23:10:37Z,Genabab,2025-03-08
Red Sea crisis,2025-03-08T23:21:59Z,Genabab,2025-03-08
Red Sea crisis,2025-03-08T23:56:52Z,Revolution Saga,2025-03-08
Red Sea crisis,2025-03-10T19:32:05Z,SpinnerLaserzthe2nd,2025-03-10
Red Sea crisis,2025-03-10T19:38:46Z,Chomik1129,2025-03-10
Red Sea crisis,2025-03-11T21:44:18Z,Chomik1129,2025-03-11
Red Sea crisis,2025-03-11T21:51:11Z,Chomik1129,2025-03-11
Red Sea crisis,2025-03-12T03:59:14Z,Pachu Kannan,2025-03-12
Red Sea crisis,2025-03-12T04:00:26Z,Pachu Kannan,2025-03-12
Red Sea crisis,2025-03-12T22:26:42Z,Davidships,2025-03-12
Red Sea crisis,2025-03-12T22:35:10Z,Davidships,2025-03-12
Red Sea crisis,2025-03-13T04:57:10Z,Pachu Kannan,2025-03-13
Red Sea crisis,2025-03-13T16:54:20Z,Linkin Prankster,2025-03-13
Red Sea crisis,2025-03-13T21:50:22Z,Ira Leviton,2025-03-13
Red Sea crisis,2025-03-14T04:12:13Z,Pachu Kannan,2025-03-14
Red Sea crisis,2025-03-14T14:05:41Z,Linkin Prankster,2025-03-14
Red Sea crisis,2025-03-15T18:57:48Z,Chomik1129,2025-03-15
Red Sea crisis,2025-03-15T19:36:41Z,Pachu Kannan,2025-03-15
Red Sea crisis,2025-03-16T01:29:47Z,M Waleed,2025-03-16
Red Sea crisis,2025-03-16T02:08:01Z,Whitesin21,2025-03-16
Red Sea crisis,2025-03-16T02:47:06Z,Chomik1129,2025-03-16
Red Sea crisis,2025-03-16T03:33:00Z,Whitesin21,2025-03-16
Red Sea crisis,2025-03-16T03:34:21Z,Whitesin21,2025-03-16
Red Sea crisis,2025-03-16T04:27:09Z,Pachu Kannan,2025-03-16
Red Sea crisis,2025-03-16T05:45:36Z,Pachu Kannan,2025-03-16
Red Sea crisis,2025-03-16T11:52:56Z,Achmad Rachmani,2025-03-16
Red Sea crisis,2025-03-16T11:53:28Z,Achmad Rachmani,2025-03-16
Red Sea crisis,2025-03-16T11:57:38Z,Abo Yemen,2025-03-16
Red Sea crisis,2025-03-16T11:58:40Z,Abo Yemen,2025-03-16
Red Sea crisis,2025-03-16T12:04:56Z,Chomik1129,2025-03-16
Red Sea crisis,2025-03-16T12:07:17Z,Linkin Prankster,2025-03-16
Red Sea crisis,2025-03-16T12:10:44Z,Linkin Prankster,2025-03-16
Red Sea crisis,2025-03-16T14:49:09Z,Pachu Kannan,2025-03-16
Red Sea crisis,2025-03-16T16:17:13Z,Achmad Rachmani,2025-03-16
Red Sea crisis,2025-03-16T16:22:50Z,Hohum,2025-03-16
Red Sea crisis,2025-03-16T16:27:34Z,Hohum,2025-03-16
Red Sea crisis,2025-03-16T16:29:10Z,Hohum,2025-03-16
Red Sea crisis,2025-03-16T18:57:21Z,Chomik1129,2025-03-16
Red Sea crisis,2025-03-16T19:34:37Z,Pachu Kannan,2025-03-16
Red Sea crisis,2025-03-16T21:16:16Z,Achmad Rachmani,2025-03-16
Red Sea crisis,2025-03-16T23:10:45Z,Whitesin21,2025-03-16
Red Sea crisis,2025-03-17T04:02:04Z,Linkin Prankster,2025-03-17
Red Sea crisis,2025-03-17T09:08:02Z,Pachu Kannan,2025-03-17
Red Sea crisis,2025-03-17T12:17:15Z,Linkin Prankster,2025-03-17
Red Sea crisis,2025-03-17T12:51:06Z,PRRfan,2025-03-17
Red Sea crisis,2025-03-17T12:59:15Z,Linkin Prankster,2025-03-17
Red Sea crisis,2025-03-17T13:18:03Z,PRRfan,2025-03-17
Red Sea crisis,2025-03-17T13:19:18Z,PRRfan,2025-03-17
Red Sea crisis,2025-03-17T13:20:47Z,PRRfan,2025-03-17
Red Sea crisis,2025-03-17T13:21:57Z,PRRfan,2025-03-17
Red Sea crisis,2025-03-17T13:22:55Z,PRRfan,2025-03-17
Red Sea crisis,2025-03-17T13:24:44Z,PRRfan,2025-03-17
Red Sea crisis,2025-03-17T13:25:49Z,PRRfan,2025-03-17
Red Sea crisis,2025-03-17T13:27:13Z,PRRfan,2025-03-17
Red Sea crisis,2025-03-18T11:50:27Z,Linkin Prankster,2025-03-18
Red Sea crisis,2025-03-18T11:58:02Z,Linkin Prankster,2025-03-18
Red Sea crisis,2025-03-18T12:14:18Z,Linkin Prankster,2025-03-18
Red Sea crisis,2025-03-18T12:16:03Z,Linkin Prankster,2025-03-18
Red Sea crisis,2025-03-18T18:23:18Z,Chomik1129,2025-03-18
Red Sea crisis,2025-03-18T18:36:49Z,KiranBOT,2025-03-18
Red Sea crisis,2025-03-18T19:29:29Z,PRRfan,2025-03-18
Red Sea crisis,2025-03-18T19:31:06Z,PRRfan,2025-03-18
Red Sea crisis,2025-03-18T19:35:09Z,PRRfan,2025-03-18
Red Sea crisis,2025-03-18T19:38:19Z,PRRfan,2025-03-18
Red Sea crisis,2025-03-18T21:06:57Z,Cyfraw,2025-03-18
Red Sea crisis,2025-03-19T01:02:16Z,PRRfan,2025-03-19
Red Sea crisis,2025-03-19T01:03:51Z,PRRfan,2025-03-19
Red Sea crisis,2025-03-19T01:50:10Z,PRRfan,2025-03-19
Red Sea crisis,2025-03-19T01:52:11Z,PRRfan,2025-03-19
Red Sea crisis,2025-03-19T05:36:36Z,Linkin Prankster,2025-03-19
Red Sea crisis,2025-03-19T05:38:41Z,Linkin Prankster,2025-03-19
Red Sea crisis,2025-03-19T13:39:35Z,PRRfan,2025-03-19
Red Sea crisis,2025-03-19T13:50:03Z,Linkin Prankster,2025-03-19
Red Sea crisis,2025-03-19T14:13:20Z,PRRfan,2025-03-19
Red Sea crisis,2025-03-19T14:14:27Z,PRRfan,2025-03-19
Red Sea crisis,2025-03-19T14:20:27Z,PRRfan,2025-03-19
Red Sea crisis,2025-03-20T10:43:02Z,Chomik1129,2025-03-20
Red Sea crisis,2025-03-20T18:33:23Z,Chomik1129,2025-03-20
Red Sea crisis,2025-03-20T23:26:35Z,SpinnerLaserzthe2nd,2025-03-20
Red Sea crisis,2025-03-21T01:02:57Z,Linkin Prankster,2025-03-21
Red Sea crisis,2025-03-21T01:38:06Z,PRRfan,2025-03-21
Red Sea crisis,2025-03-21T03:43:05Z,Linkin Prankster,2025-03-21
Red Sea crisis,2025-03-21T03:56:42Z,Linkin Prankster,2025-03-21
Red Sea crisis,2025-03-21T04:54:59Z,Factinator5000,2025-03-21
Red Sea crisis,2025-03-21T05:30:53Z,Factinator5000,2025-03-21
Red Sea crisis,2025-03-21T14:08:09Z,PRRfan,2025-03-21
Red Sea crisis,2025-03-21T14:11:49Z,PRRfan,2025-03-21
Red Sea crisis,2025-03-21T14:13:59Z,PRRfan,2025-03-21
Red Sea crisis,2025-03-21T14:14:59Z,PRRfan,2025-03-21
Red Sea crisis,2025-03-21T14:19:07Z,PRRfan,2025-03-21
Red Sea crisis,2025-03-21T14:20:09Z,PRRfan,2025-03-21
Red Sea crisis,2025-03-21T14:54:07Z,Linkin Prankster,2025-03-21
Red Sea crisis,2025-03-21T14:55:49Z,Linkin Prankster,2025-03-21
Red Sea crisis,2025-03-21T15:03:20Z,Linkin Prankster,2025-03-21
Red Sea crisis,2025-03-21T15:05:19Z,Linkin Prankster,2025-03-21
Red Sea crisis,2025-03-22T02:30:58Z,Whitesin21,2025-03-22
Red Sea crisis,2025-03-22T03:58:39Z,Linkin Prankster,2025-03-22
Red Sea crisis,2025-03-22T04:05:16Z,Linkin Prankster,2025-03-22
Red Sea crisis,2025-03-22T04:06:01Z,Linkin Prankster,2025-03-22
Red Sea crisis,2025-03-22T12:40:36Z,Genabab,2025-03-22
Red Sea crisis,2025-03-22T16:39:00Z,Chomik1129,2025-03-22
Red Sea crisis,2025-03-22T20:53:02Z,Linkin Prankster,2025-03-22
Red Sea crisis,2025-03-22T21:02:57Z,Linkin Prankster,2025-03-22
Red Sea crisis,2025-03-22T21:25:03Z,Chomik1129,2025-03-22
Red Sea crisis,2025-03-23T05:29:10Z,Linkin Prankster,2025-03-23
Red Sea crisis,2025-03-23T08:18:30Z,JJMC89 bot III,2025-03-23
Red Sea crisis,2025-03-23T14:44:51Z,Achmad Rachmani,2025-03-23
Red Sea crisis,2025-03-23T15:38:21Z,Linkin Prankster,2025-03-23
Red Sea crisis,2025-03-24T07:52:22Z,Linkin Prankster,2025-03-24
Red Sea crisis,2025-03-24T08:05:28Z,Linkin Prankster,2025-03-24
Red Sea crisis,2025-03-24T08:38:10Z,Linkin Prankster,2025-03-24
Red Sea crisis,2025-03-24T08:39:38Z,Linkin Prankster,2025-03-24
Red Sea crisis,2025-03-24T14:49:40Z,Whitesin21,2025-03-24
Red Sea crisis,2025-03-24T15:53:15Z,Linkin Prankster,2025-03-24
Red Sea crisis,2025-03-24T15:59:13Z,Linkin Prankster,2025-03-24
Red Sea crisis,2025-03-24T16:00:42Z,Linkin Prankster,2025-03-24
Red Sea crisis,2025-03-25T07:48:34Z,Linkin Prankster,2025-03-25
Red Sea crisis,2025-03-25T07:59:06Z,Linkin Prankster,2025-03-25
Red Sea crisis,2025-03-25T08:01:27Z,Linkin Prankster,2025-03-25
Red Sea crisis,2025-03-25T08:13:09Z,Linkin Prankster,2025-03-25
Red Sea crisis,2025-03-26T14:31:55Z,Jellyfish dave,2025-03-26
Red Sea crisis,2025-03-27T08:23:55Z,Linkin Prankster,2025-03-27
Red Sea crisis,2025-03-27T08:27:05Z,Linkin Prankster,2025-03-27
Red Sea crisis,2025-03-27T08:28:19Z,Linkin Prankster,2025-03-27
Red Sea crisis,2025-03-28T04:13:55Z,Linkin Prankster,2025-03-28
Red Sea crisis,2025-03-28T05:36:05Z,Linkin Prankster,2025-03-28
Red Sea crisis,2025-03-28T05:37:25Z,Linkin Prankster,2025-03-28
Red Sea crisis,2025-03-29T06:25:54Z,Linkin Prankster,2025-03-29
Red Sea crisis,2025-03-29T06:31:32Z,Linkin Prankster,2025-03-29
Red Sea crisis,2025-03-29T06:52:48Z,Linkin Prankster,2025-03-29
Red Sea crisis,2025-03-29T09:19:15Z,Linkin Prankster,2025-03-29
Red Sea crisis,2025-03-29T21:12:53Z,Abo Yemen,2025-03-29
Red Sea crisis,2025-03-30T04:13:53Z,Linkin Prankster,2025-03-30
Red Sea crisis,2025-03-30T04:16:17Z,Linkin Prankster,2025-03-30
Red Sea crisis,2025-03-30T12:14:36Z,Achmad Rachmani,2025-03-30
Red Sea crisis,2025-03-30T12:17:49Z,Achmad Rachmani,2025-03-30
Red Sea crisis,2025-03-30T12:20:32Z,Achmad Rachmani,2025-03-30
Red Sea crisis,2025-03-30T12:24:13Z,Achmad Rachmani,2025-03-30
Red Sea crisis,2025-03-30T12:24:48Z,Achmad Rachmani,2025-03-30
Red Sea crisis,2025-03-30T12:24:58Z,Achmad Rachmani,2025-03-30
Red Sea crisis,2025-03-30T12:28:39Z,Achmad Rachmani,2025-03-30
Red Sea crisis,2025-03-31T06:03:27Z,Linkin Prankster,2025-03-31
Red Sea crisis,2025-03-31T06:15:10Z,Linkin Prankster,2025-03-31
Red Sea crisis,2025-03-31T06:16:34Z,Linkin Prankster,2025-03-31
Red Sea crisis,2025-04-01T04:26:34Z,Whitesin21,2025-04-01
Red Sea crisis,2025-04-01T04:27:17Z,Whitesin21,2025-04-01
Red Sea crisis,2025-04-01T06:14:13Z,Linkin Prankster,2025-04-01
Red Sea crisis,2025-04-01T06:22:56Z,Linkin Prankster,2025-04-01
Red Sea crisis,2025-04-01T06:27:44Z,Linkin Prankster,2025-04-01
Red Sea crisis,2025-04-01T14:03:49Z,Kencf0618,2025-04-01
Red Sea crisis,2025-04-01T14:04:46Z,Kencf0618,2025-04-01
Red Sea crisis,2025-04-01T14:55:27Z,Linkin Prankster,2025-04-01
Red Sea crisis,2025-04-02T08:03:19Z,Linkin Prankster,2025-04-02
Red Sea crisis,2025-04-02T08:45:28Z,Linkin Prankster,2025-04-02
Red Sea crisis,2025-04-02T13:25:23Z,Ira Leviton,2025-04-02
Red Sea crisis,2025-04-03T05:43:50Z,Linkin Prankster,2025-04-03
Red Sea crisis,2025-04-03T05:47:18Z,Linkin Prankster,2025-04-03
Red Sea crisis,2025-04-03T05:57:11Z,Linkin Prankster,2025-04-03
Red Sea crisis,2025-04-03T22:31:59Z,Whitesin21,2025-04-03
Red Sea crisis,2025-04-03T23:03:56Z,Whitesin21,2025-04-03
Red Sea crisis,2025-04-04T09:15:46Z,Linkin Prankster,2025-04-04
Red Sea crisis,2025-04-04T09:19:43Z,Linkin Prankster,2025-04-04
Red Sea crisis,2025-04-04T09:22:24Z,Linkin Prankster,2025-04-04
Red Sea crisis,2025-04-04T09:30:38Z,Linkin Prankster,2025-04-04
Red Sea crisis,2025-04-04T09:43:56Z,Linkin Prankster,2025-04-04
Red Sea crisis,2025-04-04T12:39:12Z,AnomieBOT,2025-04-04
Red Sea crisis,2025-04-04T16:55:56Z,Whitesin21,2025-04-04
Red Sea crisis,2025-04-04T16:56:35Z,Whitesin21,2025-04-04
Red Sea crisis,2025-04-04T19:16:01Z,Whitesin21,2025-04-04
Red Sea crisis,2025-04-05T06:38:13Z,Linkin Prankster,2025-04-05
Red Sea crisis,2025-04-05T06:54:25Z,Linkin Prankster,2025-04-05
Red Sea crisis,2025-04-06T09:32:09Z,Linkin Prankster,2025-04-06
Red Sea crisis,2025-04-06T10:18:34Z,Linkin Prankster,2025-04-06
Red Sea crisis,2025-04-06T10:55:08Z,Linkin Prankster,2025-04-06
Red Sea crisis,2025-04-06T11:01:12Z,Linkin Prankster,2025-04-06
Red Sea crisis,2025-04-06T17:24:58Z,Davemck,2025-04-06
Red Sea crisis,2025-04-07T04:26:33Z,Talib1101,2025-04-07
Red Sea crisis,2025-04-07T04:31:10Z,Talib1101,2025-04-07
Red Sea crisis,2025-04-07T12:37:49Z,Linkin Prankster,2025-04-07
Red Sea crisis,2025-04-07T12:51:02Z,Linkin Prankster,2025-04-07
Red Sea crisis,2025-04-07T14:08:45Z,Linkin Prankster,2025-04-07
Red Sea crisis,2025-04-08T14:12:55Z,Whitesin21,2025-04-08
Red Sea crisis,2025-04-08T14:30:17Z,Linkin Prankster,2025-04-08
Red Sea crisis,2025-04-08T14:31:25Z,Linkin Prankster,2025-04-08
Red Sea crisis,2025-04-08T14:37:19Z,Linkin Prankster,2025-04-08
Red Sea crisis,2025-04-08T14:41:32Z,Linkin Prankster,2025-04-08
Red Sea crisis,2025-04-08T14:45:12Z,Linkin Prankster,2025-04-08
Red Sea crisis,2025-04-09T02:05:19Z,GreenC bot,2025-04-09
Red Sea crisis,2025-04-09T06:43:42Z,Linkin Prankster,2025-04-09
Red Sea crisis,2025-04-09T06:46:04Z,Linkin Prankster,2025-04-09
Red Sea crisis,2025-04-09T06:49:50Z,Linkin Prankster,2025-04-09
Red Sea crisis,2025-04-09T06:51:01Z,Linkin Prankster,2025-04-09
Red Sea crisis,2025-04-09T06:51:52Z,Linkin Prankster,2025-04-09
Red Sea crisis,2025-04-10T09:53:09Z,Linkin Prankster,2025-04-10
Red Sea crisis,2025-04-10T09:54:45Z,Linkin Prankster,2025-04-10
Red Sea crisis,2025-04-10T11:53:02Z,Linkin Prankster,2025-04-10
Red Sea crisis,2025-04-10T11:54:52Z,Linkin Prankster,2025-04-10
Red Sea crisis,2025-04-10T23:38:07Z,Whitesin21,2025-04-10
Red Sea crisis,2025-04-10T23:59:25Z,AnomieBOT,2025-04-10
Red Sea crisis,2025-04-11T07:11:38Z,Linkin Prankster,2025-04-11
Red Sea crisis,2025-04-11T07:23:43Z,Achmad Rachmani,2025-04-11
Red Sea crisis,2025-04-11T07:23:51Z,Achmad Rachmani,2025-04-11
Red Sea crisis,2025-04-11T07:27:05Z,Achmad Rachmani,2025-04-11
Red Sea crisis,2025-04-11T07:27:20Z,Achmad Rachmani,2025-04-11
Red Sea crisis,2025-04-11T07:31:24Z,Achmad Rachmani,2025-04-11
Red Sea crisis,2025-04-11T19:08:48Z,Linkin Prankster,2025-04-11
Red Sea crisis,2025-04-12T09:57:36Z,Linkin Prankster,2025-04-12
Red Sea crisis,2025-04-12T10:03:05Z,Linkin Prankster,2025-04-12
Red Sea crisis,2025-04-12T10:04:33Z,Abo Yemen,2025-04-12
Red Sea crisis,2025-04-13T03:17:05Z,Dicklyon,2025-04-13
Red Sea crisis,2025-04-13T09:38:28Z,Linkin Prankster,2025-04-13
Red Sea crisis,2025-04-13T13:04:15Z,Eastfarthingan,2025-04-13
Red Sea crisis,2025-04-13T17:27:34Z,AHI-3000,2025-04-13
Red Sea crisis,2025-04-14T11:43:02Z,Genabab,2025-04-14
Red Sea crisis,2025-04-14T11:45:46Z,Genabab,2025-04-14
Red Sea crisis,2025-04-14T11:58:43Z,Linkin Prankster,2025-04-14
Red Sea crisis,2025-04-14T12:39:46Z,Linkin Prankster,2025-04-14
Red Sea crisis,2025-04-14T12:41:29Z,Linkin Prankster,2025-04-14
Red Sea crisis,2025-04-14T12:43:19Z,Linkin Prankster,2025-04-14
Red Sea crisis,2025-04-15T17:52:19Z,Linkin Prankster,2025-04-15
Red Sea crisis,2025-04-15T17:57:35Z,Linkin Prankster,2025-04-15
Red Sea crisis,2025-04-15T18:06:31Z,Linkin Prankster,2025-04-15
Red Sea crisis,2025-04-15T18:11:15Z,Linkin Prankster,2025-04-15
Red Sea crisis,2025-04-16T04:29:29Z,Pachu Kannan,2025-04-16
Red Sea crisis,2025-04-16T04:38:10Z,Pachu Kannan,2025-04-16
Red Sea crisis,2025-04-16T08:03:48Z,Achmad Rachmani,2025-04-16
Red Sea crisis,2025-04-16T08:04:03Z,Achmad Rachmani,2025-04-16
Red Sea crisis,2025-04-16T08:05:35Z,Achmad Rachmani,2025-04-16
Red Sea crisis,2025-04-16T08:09:45Z,Achmad Rachmani,2025-04-16
Red Sea crisis,2025-04-16T08:19:54Z,Linkin Prankster,2025-04-16
Red Sea crisis,2025-04-16T08:21:12Z,Linkin Prankster,2025-04-16
Red Sea crisis,2025-04-16T09:02:14Z,Linkin Prankster,2025-04-16
Red Sea crisis,2025-04-16T09:14:12Z,Linkin Prankster,2025-04-16
Red Sea crisis,2025-04-16T13:35:38Z,Skitash,2025-04-16
Red Sea crisis,2025-04-17T12:48:25Z,Linkin Prankster,2025-04-17
Red Sea crisis,2025-04-17T12:59:20Z,Linkin Prankster,2025-04-17
Red Sea crisis,2025-04-17T13:00:58Z,Linkin Prankster,2025-04-17
Red Sea crisis,2025-04-17T15:21:25Z,Mr.User200,2025-04-17
Red Sea crisis,2025-04-18T09:29:52Z,Pachu Kannan,2025-04-18
Red Sea crisis,2025-04-18T10:20:53Z,Pachu Kannan,2025-04-18
Red Sea crisis,2025-04-18T12:21:41Z,Linkin Prankster,2025-04-18
Red Sea crisis,2025-04-18T14:19:07Z,Linkin Prankster,2025-04-18
Red Sea crisis,2025-04-18T14:24:17Z,Linkin Prankster,2025-04-18
Red Sea crisis,2025-04-18T16:11:49Z,Linkin Prankster,2025-04-18
Red Sea crisis,2025-04-18T16:50:07Z,Amigao,2025-04-18
Red Sea crisis,2025-04-18T16:58:49Z,Amigao,2025-04-18
Red Sea crisis,2025-04-18T19:08:27Z,Pachu Kannan,2025-04-18
Red Sea crisis,2025-04-18T21:01:00Z,Linkin Prankster,2025-04-18
Red Sea crisis,2025-04-18T21:15:23Z,Linkin Prankster,2025-04-18
Red Sea crisis,2025-04-19T10:18:52Z,Linkin Prankster,2025-04-19
Red Sea crisis,2025-04-19T10:21:37Z,Linkin Prankster,2025-04-19
Red Sea crisis,2025-04-19T10:22:58Z,Linkin Prankster,2025-04-19
Red Sea crisis,2025-04-19T10:28:48Z,Linkin Prankster,2025-04-19
Red Sea crisis,2025-04-19T11:32:48Z,Linkin Prankster,2025-04-19
Red Sea crisis,2025-04-19T11:42:28Z,Linkin Prankster,2025-04-19
Red Sea crisis,2025-04-19T21:36:09Z,Genabab,2025-04-19
Red Sea crisis,2025-04-19T22:37:43Z,Linkin Prankster,2025-04-19
Red Sea crisis,2025-04-20T11:59:15Z,Linkin Prankster,2025-04-20
Red Sea crisis,2025-04-20T12:28:05Z,Linkin Prankster,2025-04-20
Red Sea crisis,2025-04-20T15:25:59Z,Chomik1129,2025-04-20
Red Sea crisis,2025-04-20T15:29:33Z,Linkin Prankster,2025-04-20
Red Sea crisis,2025-04-20T15:40:07Z,Chomik1129,2025-04-20
Red Sea crisis,2025-04-21T01:05:41Z,Linkin Prankster,2025-04-21
Red Sea crisis,2025-04-21T16:21:38Z,Linkin Prankster,2025-04-21
Red Sea crisis,2025-04-21T16:50:21Z,Linkin Prankster,2025-04-21
Red Sea crisis,2025-04-21T21:16:01Z,Paprikaiser,2025-04-21
Red Sea crisis,2025-04-22T04:52:47Z,Linkin Prankster,2025-04-22
Red Sea crisis,2025-04-22T04:56:24Z,Linkin Prankster,2025-04-22
Red Sea crisis,2025-04-22T05:00:50Z,Linkin Prankster,2025-04-22
Red Sea crisis,2025-04-22T05:02:04Z,Linkin Prankster,2025-04-22
Red Sea crisis,2025-04-22T05:03:23Z,Linkin Prankster,2025-04-22
Red Sea crisis,2025-04-22T23:22:29Z,Whitesin21,2025-04-22
Red Sea crisis,2025-04-23T01:17:34Z,Monk of Monk Hall,2025-04-23
Red Sea crisis,2025-04-23T11:51:02Z,Cyfraw,2025-04-23
Red Sea crisis,2025-04-23T11:51:55Z,Cyfraw,2025-04-23
Red Sea crisis,2025-04-23T12:10:17Z,Cyfraw,2025-04-23
Red Sea crisis,2025-04-23T15:24:12Z,Linkin Prankster,2025-04-23
Red Sea crisis,2025-04-23T15:28:29Z,Linkin Prankster,2025-04-23
Red Sea crisis,2025-04-23T15:36:24Z,Linkin Prankster,2025-04-23
Red Sea crisis,2025-04-23T15:58:51Z,Linkin Prankster,2025-04-23
Red Sea crisis,2025-04-24T17:39:23Z,Citation bot,2025-04-24
Red Sea crisis,2025-04-24T21:29:51Z,Linkin Prankster,2025-04-24
Red Sea crisis,2025-04-24T22:46:39Z,Linkin Prankster,2025-04-24
Red Sea crisis,2025-04-25T08:23:33Z,Linkin Prankster,2025-04-25
Red Sea crisis,2025-04-25T08:33:11Z,Linkin Prankster,2025-04-25
Red Sea crisis,2025-04-26T09:45:13Z,Linkin Prankster,2025-04-26
Red Sea crisis,2025-04-26T09:49:20Z,Linkin Prankster,2025-04-26
Red Sea crisis,2025-04-26T09:58:08Z,Linkin Prankster,2025-04-26
Red Sea crisis,2025-04-26T09:59:35Z,Linkin Prankster,2025-04-26
Red Sea crisis,2025-04-26T10:02:26Z,Linkin Prankster,2025-04-26
Red Sea crisis,2025-04-26T10:40:42Z,Linkin Prankster,2025-04-26
Red Sea crisis,2025-04-26T10:43:01Z,Linkin Prankster,2025-04-26
Red Sea crisis,2025-04-26T11:03:27Z,Linkin Prankster,2025-04-26
Red Sea crisis,2025-04-26T11:04:28Z,Genabab,2025-04-26
Red Sea crisis,2025-04-26T11:14:35Z,Linkin Prankster,2025-04-26
Red Sea crisis,2025-04-26T13:44:38Z,AnomieBOT,2025-04-26
Red Sea crisis,2025-04-26T23:49:48Z,Huldra,2025-04-26
Red Sea crisis,2025-04-27T03:20:33Z,Placeholderer,2025-04-27
Red Sea crisis,2025-04-27T04:01:26Z,Linkin Prankster,2025-04-27
Red Sea crisis,2025-04-27T04:05:09Z,Linkin Prankster,2025-04-27
Red Sea crisis,2025-04-27T05:32:25Z,Linkin Prankster,2025-04-27
Red Sea crisis,2025-04-27T05:56:55Z,Linkin Prankster,2025-04-27
Red Sea crisis,2025-04-27T06:02:19Z,Linkin Prankster,2025-04-27
Red Sea crisis,2025-04-27T06:05:47Z,Linkin Prankster,2025-04-27
Red Sea crisis,2025-04-28T05:37:30Z,Linkin Prankster,2025-04-28
Red Sea crisis,2025-04-28T05:40:04Z,Linkin Prankster,2025-04-28
Red Sea crisis,2025-04-28T06:29:41Z,Linkin Prankster,2025-04-28
Red Sea crisis,2025-04-28T06:38:50Z,Linkin Prankster,2025-04-28
Red Sea crisis,2025-04-28T07:29:22Z,Pachu Kannan,2025-04-28
Red Sea crisis,2025-04-28T08:06:57Z,Linkin Prankster,2025-04-28
Red Sea crisis,2025-04-28T08:51:35Z,Linkin Prankster,2025-04-28
Red Sea crisis,2025-04-28T10:39:51Z,Achmad Rachmani,2025-04-28
Red Sea crisis,2025-04-28T10:39:57Z,Achmad Rachmani,2025-04-28
Red Sea crisis,2025-04-28T10:42:39Z,Achmad Rachmani,2025-04-28
Red Sea crisis,2025-04-28T10:42:53Z,Achmad Rachmani,2025-04-28
Red Sea crisis,2025-04-28T15:09:25Z,Linkin Prankster,2025-04-28
Red Sea crisis,2025-04-28T15:16:32Z,Linkin Prankster,2025-04-28
Red Sea crisis,2025-04-28T18:08:43Z,Moguy,2025-04-28
Red Sea crisis,2025-04-28T18:37:10Z,Genabab,2025-04-28
Red Sea crisis,2025-04-28T19:32:56Z,D1d2d3d29,2025-04-28
Red Sea crisis,2025-04-28T22:42:33Z,Huldra,2025-04-28
Red Sea crisis,2025-04-28T23:06:10Z,Achmad Rachmani,2025-04-28
Red Sea crisis,2025-04-28T23:08:36Z,Achmad Rachmani,2025-04-28
Red Sea crisis,2025-04-28T23:10:52Z,Achmad Rachmani,2025-04-28
Red Sea crisis,2025-04-28T23:11:39Z,Achmad Rachmani,2025-04-28
Red Sea crisis,2025-04-28T23:13:11Z,Achmad Rachmani,2025-04-28
Red Sea crisis,2025-04-28T23:14:34Z,Achmad Rachmani,2025-04-28
Red Sea crisis,2025-04-28T23:15:22Z,Achmad Rachmani,2025-04-28
Red Sea crisis,2025-04-29T08:26:47Z,Linkin Prankster,2025-04-29
Red Sea crisis,2025-04-29T09:02:05Z,Linkin Prankster,2025-04-29
Red Sea crisis,2025-04-29T09:04:40Z,Linkin Prankster,2025-04-29
Red Sea crisis,2025-04-29T09:41:26Z,Linkin Prankster,2025-04-29
Red Sea crisis,2025-04-29T09:44:25Z,Linkin Prankster,2025-04-29
Red Sea crisis,2025-04-29T10:14:27Z,Linkin Prankster,2025-04-29
Red Sea crisis,2025-04-29T16:05:41Z,Davemck,2025-04-29
Red Sea crisis,2025-04-29T21:10:51Z,Huldra,2025-04-29
Red Sea crisis,2025-04-30T06:50:47Z,Linkin Prankster,2025-04-30
Red Sea crisis,2025-04-30T08:29:13Z,Linkin Prankster,2025-04-30
Red Sea crisis,2025-04-30T08:52:04Z,Linkin Prankster,2025-04-30
Red Sea crisis,2025-04-30T08:58:14Z,Linkin Prankster,2025-04-30
Red Sea crisis,2025-04-30T16:10:52Z,Ahecht,2025-04-30
Red Sea crisis,2025-04-30T20:34:20Z,Ahecht,2025-04-30
Red Sea crisis,2025-04-30T20:51:13Z,Ahecht,2025-04-30
Red Sea crisis,2025-04-30T21:08:32Z,Ahecht,2025-04-30
Red Sea crisis,2025-04-30T21:10:24Z,Ahecht,2025-04-30
Red Sea crisis,2025-04-30T21:12:37Z,Ahecht,2025-04-30
Red Sea crisis,2025-04-30T21:13:10Z,Ahecht,2025-04-30
Red Sea crisis,2025-04-30T21:15:22Z,Ahecht,2025-04-30
Red Sea crisis,2025-04-30T23:31:26Z,Skitash,2025-04-30
Red Sea crisis,2025-05-03T03:40:34Z,Linkin Prankster,2025-05-03
Red Sea crisis,2025-05-03T04:01:02Z,Linkin Prankster,2025-05-03
Red Sea crisis,2025-05-04T17:32:45Z,Smeagol 17,2025-05-04
Red Sea crisis,2025-05-04T17:37:11Z,Smeagol 17,2025-05-04
Red Sea crisis,2025-05-05T03:19:18Z,Achmad Rachmani,2025-05-05
Red Sea crisis,2025-05-05T03:20:35Z,Achmad Rachmani,2025-05-05
Red Sea crisis,2025-05-05T04:10:52Z,Achmad Rachmani,2025-05-05
Red Sea crisis,2025-05-05T04:11:12Z,Achmad Rachmani,2025-05-05
Red Sea crisis,2025-05-05T08:12:43Z,Linkin Prankster,2025-05-05
Red Sea crisis,2025-05-05T22:01:04Z,Citation bot,2025-05-05
Red Sea crisis,2025-05-06T03:56:12Z,Linkin Prankster,2025-05-06
Red Sea crisis,2025-05-06T07:20:35Z,Linkin Prankster,2025-05-06
Red Sea crisis,2025-05-07T01:01:32Z,Whitesin21,2025-05-07
Red Sea crisis,2025-05-07T01:08:22Z,Whitesin21,2025-05-07
Red Sea crisis,2025-05-07T01:09:17Z,Whitesin21,2025-05-07
Red Sea crisis,2025-05-07T01:12:15Z,Achmad Rachmani,2025-05-07
Red Sea crisis,2025-05-07T01:25:27Z,Achmad Rachmani,2025-05-07
Red Sea crisis,2025-05-07T02:10:24Z,Whitesin21,2025-05-07
Red Sea crisis,2025-05-07T02:11:53Z,Whitesin21,2025-05-07
Red Sea crisis,2025-05-07T03:43:30Z,WMSR,2025-05-07
Red Sea crisis,2025-05-07T09:23:24Z,Linkin Prankster,2025-05-07
Red Sea crisis,2025-05-07T09:32:02Z,Linkin Prankster,2025-05-07
Red Sea crisis,2025-05-07T12:40:28Z,Genabab,2025-05-07
Red Sea crisis,2025-05-07T19:32:17Z,Skitash,2025-05-07
Red Sea crisis,2025-05-08T18:17:49Z,Elazığ Ahmet,2025-05-08
Red Sea crisis,2025-05-10T10:08:09Z,Achmad Rachmani,2025-05-10
Red Sea crisis,2025-05-10T16:03:52Z,Monk of Monk Hall,2025-05-10
Red Sea crisis,2025-05-11T05:02:14Z,Skitash,2025-05-11
Red Sea crisis,2025-05-14T05:39:50Z,Linkin Prankster,2025-05-14
Red Sea crisis,2025-05-14T17:07:36Z,Magyar25,2025-05-14
Red Sea crisis,2025-05-14T22:46:44Z,Trappist the monk,2025-05-14
Red Sea crisis,2025-05-16T16:55:53Z,Pachu Kannan,2025-05-16
Red Sea crisis,2025-05-17T06:22:17Z,Linkin Prankster,2025-05-17
Red Sea crisis,2025-05-19T10:55:35Z,Linkin Prankster,2025-05-19
Red Sea crisis,2025-05-23T04:28:42Z,Linkin Prankster,2025-05-23
Red Sea crisis,2025-05-24T23:03:36Z,Thepharoah17,2025-05-24
Red Sea crisis,2025-06-04T22:59:23Z,NesserWiki,2025-06-04
Red Sea crisis,2025-06-05T17:54:16Z,Citation bot,2025-06-05
Red Sea crisis,2025-06-08T00:43:44Z,Achmad Rachmani,2025-06-08
Red Sea crisis,2025-06-08T00:46:29Z,Achmad Rachmani,2025-06-08
Red Sea crisis,2025-06-08T10:08:31Z,Achmad Rachmani,2025-06-08
Red Sea crisis,2025-06-08T10:09:16Z,Achmad Rachmani,2025-06-08
Red Sea crisis,2025-06-08T10:10:49Z,Achmad Rachmani,2025-06-08
Red Sea crisis,2025-06-08T10:13:22Z,Achmad Rachmani,2025-06-08
Red Sea crisis,2025-06-08T10:13:54Z,Achmad Rachmani,2025-06-08
Red Sea crisis,2025-06-08T10:16:54Z,Achmad Rachmani,2025-06-08
Red Sea crisis,2025-06-08T10:17:11Z,Achmad Rachmani,2025-06-08
Red Sea crisis,2025-06-08T10:29:54Z,Achmad Rachmani,2025-06-08
Red Sea crisis,2025-06-08T10:31:03Z,Achmad Rachmani,2025-06-08
Red Sea crisis,2025-06-08T10:31:48Z,Achmad Rachmani,2025-06-08
Red Sea crisis,2025-06-08T10:33:07Z,Achmad Rachmani,2025-06-08
Red Sea crisis,2025-06-08T10:34:10Z,Achmad Rachmani,2025-06-08
Red Sea crisis,2025-06-08T10:35:01Z,Achmad Rachmani,2025-06-08
Red Sea crisis,2025-06-08T10:36:47Z,Achmad Rachmani,2025-06-08
Red Sea crisis,2025-06-08T10:38:05Z,Achmad Rachmani,2025-06-08
Red Sea crisis,2025-06-08T10:40:00Z,Achmad Rachmani,2025-06-08
Red Sea crisis,2025-06-14T06:57:52Z,Linkin Prankster,2025-06-14
Red Sea crisis,2025-06-14T12:35:40Z,RamHez,2025-06-14
Red Sea crisis,2025-06-14T17:29:28Z,Achmad Rachmani,2025-06-14
Red Sea crisis,2025-06-22T18:15:26Z,Gsueso2,2025-06-22
Red Sea crisis,2025-06-22T18:20:49Z,Abo Yemen,2025-06-22
Red Sea crisis,2025-06-24T17:56:26Z,WingDing79,2025-06-24
Red Sea crisis,2025-06-24T22:07:12Z,WikiCleanerMan,2025-06-24
Red Sea crisis,2025-06-25T17:24:40Z,Cyfraw,2025-06-25
Red Sea crisis,2025-06-30T22:13:17Z,Dasomm,2025-06-30
Red Sea crisis,2025-07-01T22:03:53Z,JJMC89 bot III,2025-07-01
Red Sea crisis,2025-07-03T04:34:28Z,9ninety,2025-07-03
Red Sea crisis,2025-07-08T05:16:41Z,Jeraxmoira,2025-07-08
Red Sea crisis,2025-07-08T20:32:15Z,Chomik1129,2025-07-08
Red Sea crisis,2025-07-09T01:48:37Z,WingDing79,2025-07-09
Red Sea crisis,2025-07-09T17:10:26Z,Chomik1129,2025-07-09
Red Sea crisis,2025-07-10T09:46:10Z,Little Professor,2025-07-10
Red Sea crisis,2025-07-10T09:50:58Z,Little Professor,2025-07-10
Red Sea crisis,2025-07-10T13:32:17Z,Chomik1129,2025-07-10
Red Sea crisis,2025-07-10T14:06:11Z,Borgenland,2025-07-10
Red Sea crisis,2025-07-10T18:26:53Z,Skarz,2025-07-10
Red Sea crisis,2025-07-11T07:20:43Z,Bobfrombrockley,2025-07-11
Red Sea crisis,2025-07-24T10:24:49Z,DexGreg01,2025-07-24
Red Sea crisis,2025-07-24T13:31:17Z,मल्ल,2025-07-24
Red Sea crisis,2025-07-31T17:26:30Z,Cyfraw,2025-07-31
Red Sea crisis,2025-07-31T17:27:20Z,Cyfraw,2025-07-31
Red Sea crisis,2025-07-31T17:44:25Z,Cyfraw,2025-07-31
Red Sea crisis,2025-08-01T15:03:36Z,Chomik1129,2025-08-01
Red Sea crisis,2025-08-04T21:22:28Z,Folkezoft,2025-08-04
Red Sea crisis,2025-08-08T00:26:53Z,Unknown00000000,2025-08-08
Red Sea crisis,2025-08-11T22:39:41Z,Unknown00000000,2025-08-11
Red Sea crisis,2025-08-21T18:21:21Z,InternetArchiveBot,2025-08-21
Red Sea crisis,2025-08-24T16:14:52Z,Whitesin21,2025-08-24
Red Sea crisis,2025-08-24T23:23:40Z,Whitesin21,2025-08-24
Red Sea crisis,2025-08-26T01:17:40Z,Whitesin21,2025-08-26
Red Sea crisis,2025-08-28T01:51:18Z,Wamalotpark,2025-08-28
Red Sea crisis,2025-08-28T18:11:16Z,Wamalotpark,2025-08-28
Red Sea crisis,2025-08-29T22:44:39Z,Unknown00000000,2025-08-29
Red Sea crisis,2025-08-30T20:20:45Z,Skitash,2025-08-30
Red Sea crisis,2025-08-30T20:22:18Z,Skitash,2025-08-30
Red Sea crisis,2025-08-31T13:17:55Z,Whitesin21,2025-08-31
Red Sea crisis,2025-09-01T15:29:31Z,Achmad Rachmani,2025-09-01
Red Sea crisis,2025-09-01T15:32:19Z,Achmad Rachmani,2025-09-01
Red Sea crisis,2025-09-02T05:32:16Z,BasselHarfouch,2025-09-02
Red Sea crisis,2025-09-02T20:56:00Z,JJMC89 bot III,2025-09-02
Red Sea crisis,2025-09-04T19:00:27Z,Skitash,2025-09-04
Red Sea crisis,2025-09-07T13:52:20Z,Whitesin21,2025-09-07
Red Sea crisis,2025-09-07T22:10:33Z,Whitesin21,2025-09-07
Red Sea crisis,2025-09-10T23:22:01Z,Whitesin21,2025-09-10
Red Sea crisis,2025-09-16T13:04:48Z,Achmad Rachmani,2025-09-16
Red Sea crisis,2025-09-16T13:05:31Z,Achmad Rachmani,2025-09-16
Red Sea crisis,2025-09-16T13:09:48Z,Achmad Rachmani,2025-09-16
Red Sea crisis,2025-09-17T00:28:41Z,Militant.Insurgency,2025-09-17
Red Sea crisis,2025-09-18T00:54:46Z,Dl2000,2025-09-18
Red Sea crisis,2025-09-19T20:25:44Z,Dasomm,2025-09-19
Red Sea crisis,2025-09-24T17:16:20Z,Whitesin21,2025-09-24
Red Sea crisis,2025-09-24T17:18:10Z,Whitesin21,2025-09-24
Red Sea crisis,2025-09-24T21:41:47Z,Whitesin21,2025-09-24
Red Sea crisis,2025-09-28T06:16:25Z,Achmad Rachmani,2025-09-28
Red Sea crisis,2025-09-29T02:11:25Z,Whitesin21,2025-09-29
Red Sea crisis,2025-09-29T18:45:47Z,Chomik1129,2025-09-29
Red Sea crisis,2025-09-30T18:23:15Z,Chomik1129,2025-09-30
Red Sea crisis,2025-09-30T18:31:28Z,Chomik1129,2025-09-30
Red Sea crisis,2025-09-30T18:33:39Z,Chomik1129,2025-09-30
Red Sea crisis,2025-09-30T19:47:24Z,Citation bot,2025-09-30
Red Sea crisis,2025-10-01T00:55:44Z,Chomik1129,2025-10-01
Red Sea crisis,2025-10-05T07:25:32Z,Achmad Rachmani,2025-10-05
Red Sea crisis,2025-10-05T07:26:45Z,Achmad Rachmani,2025-10-05
Red Sea crisis,2025-10-05T07:28:37Z,Achmad Rachmani,2025-10-05
Red Sea crisis,2025-10-05T07:29:35Z,Achmad Rachmani,2025-10-05
Red Sea crisis,2025-10-05T07:32:22Z,Achmad Rachmani,2025-10-05
Red Sea crisis,2025-10-05T07:34:00Z,Achmad Rachmani,2025-10-05
Red Sea crisis,2025-10-05T07:35:03Z,Achmad Rachmani,2025-10-05
Red Sea crisis,2025-10-05T07:35:46Z,Achmad Rachmani,2025-10-05
Red Sea crisis,2025-10-05T07:37:21Z,Achmad Rachmani,2025-10-05
Red Sea crisis,2025-10-05T07:38:36Z,Achmad Rachmani,2025-10-05
Red Sea crisis,2025-10-05T07:40:28Z,Achmad Rachmani,2025-10-05
Red Sea crisis,2025-10-05T07:41:02Z,Achmad Rachmani,2025-10-05
Red Sea crisis,2025-10-06T01:45:12Z,Achmad Rachmani,2025-10-06
Red Sea crisis,2025-10-06T01:45:38Z,Achmad Rachmani,2025-10-06
Red Sea crisis,2025-10-06T01:49:56Z,Achmad Rachmani,2025-10-06
Red Sea crisis,2025-10-06T01:52:08Z,Achmad Rachmani,2025-10-06
Red Sea crisis,2025-10-06T01:53:34Z,Achmad Rachmani,2025-10-06
Red Sea crisis,2025-10-06T01:54:46Z,Achmad Rachmani,2025-10-06
Red Sea crisis,2025-10-06T01:55:35Z,Achmad Rachmani,2025-10-06
Red Sea crisis,2025-10-06T01:56:12Z,Achmad Rachmani,2025-10-06
Red Sea crisis,2025-10-06T01:57:24Z,Achmad Rachmani,2025-10-06
Red Sea crisis,2025-10-06T01:57:58Z,Achmad Rachmani,2025-10-06
Red Sea crisis,2025-10-06T01:59:24Z,Achmad Rachmani,2025-10-06
Red Sea crisis,2025-10-06T01:59:52Z,Achmad Rachmani,2025-10-06
Red Sea crisis,2025-10-06T02:16:38Z,Achmad Rachmani,2025-10-06
Red Sea crisis,2025-10-06T02:18:00Z,Achmad Rachmani,2025-10-06
Red Sea crisis,2025-10-06T02:18:59Z,Achmad Rachmani,2025-10-06
Red Sea crisis,2025-10-06T02:21:29Z,Achmad Rachmani,2025-10-06
Red Sea crisis,2025-10-07T00:20:55Z,Chomik1129,2025-10-07
Red Sea crisis,2025-10-08T02:58:48Z,Achmad Rachmani,2025-10-08
Red Sea crisis,2025-10-13T00:33:36Z,InternetArchiveBot,2025-10-13
Red Sea crisis,2025-10-15T05:05:26Z,Dash9Z,2025-10-15
Red Sea crisis,2025-10-16T13:57:16Z,Chomik1129,2025-10-16
Red Sea crisis,2025-10-16T14:00:07Z,Chomik1129,2025-10-16
Red Sea crisis,2025-10-16T14:21:07Z,BasselHarfouch,2025-10-16
Red Sea crisis,2025-10-16T15:45:56Z,Chomik1129,2025-10-16
Red Sea crisis,2025-10-28T07:38:43Z,Zackmann08,2025-10-28
Red Sea crisis,2025-11-07T10:53:24Z,Rodw,2025-11-07
Red Sea crisis,2025-11-13T13:07:53Z,Chomik1129,2025-11-13
Red Sea crisis,2025-11-16T13:40:15Z,Abo Yemen,2025-11-16
Red Sea crisis,2025-11-18T00:07:18Z,Achmad Rachmani,2025-11-18
Red Sea crisis,2025-11-18T07:24:38Z,Zenomonoz,2025-11-18
Red Sea crisis,2025-11-19T23:03:49Z,JJMC89 bot III,2025-11-19
Red Sea crisis,2025-12-03T19:33:16Z,Chomik1129,2025-12-03
Red Sea crisis,2025-12-03T19:35:12Z,Chomik1129,2025-12-03
Red Sea crisis,2025-12-04T08:02:22Z,Smeagol 17,2025-12-04
Red Sea crisis,2025-12-26T23:39:58Z,Destinyokhiria,2025-12-26
Red Sea crisis,2025-12-27T13:33:04Z,110 and 135,2025-12-27
Red Sea crisis,2025-12-27T18:01:51Z,Chomik1129,2025-12-27
Red Sea crisis,2026-01-01T09:49:51Z,Reza Amper,2026-01-01
Red Sea crisis,2026-01-03T02:03:08Z,Achmad Rachmani,2026-01-03
Red Sea crisis,2026-01-20T07:53:15Z,Achmad Rachmani,2026-01-20
Red Sea crisis,2026-01-25T19:09:58Z,Erinius,2026-01-25
Red Sea crisis,2026-01-25T19:24:21Z,Chomik1129,2026-01-25
Red Sea crisis,2026-01-25T19:32:40Z,Chomik1129,2026-01-25
Red Sea crisis,2026-01-25T19:39:50Z,Chomik1129,2026-01-25
Red Sea crisis,2026-01-25T19:45:02Z,Chomik1129,2026-01-25
Red Sea crisis,2026-01-25T19:46:08Z,Chomik1129,2026-01-25
Red Sea crisis,2026-01-25T19:46:56Z,Chomik1129,2026-01-25
Red Sea crisis,2026-01-25T22:38:13Z,Achmad Rachmani,2026-01-25
Red Sea crisis,2026-01-25T22:41:38Z,Achmad Rachmani,2026-01-25
Red Sea crisis,2026-02-10T17:32:23Z,Cyfraw,2026-02-10
Red Sea crisis,2026-02-11T03:21:40Z,WikiCleanerBot,2026-02-11
Red Sea crisis,2026-02-28T12:39:15Z,Genabab,2026-02-28
Red Sea crisis,2026-02-28T12:40:10Z,Genabab,2026-02-28
Red Sea crisis,2026-02-28T18:05:34Z,AGiantPulsatingMindisaTerribleThingtoWaste,2026-02-28
Red Sea crisis,2026-02-28T18:07:44Z,AGiantPulsatingMindisaTerribleThingtoWaste,2026-02-28
Red Sea crisis,2026-02-28T18:13:46Z,AGiantPulsatingMindisaTerribleThingtoWaste,2026-02-28
Red Sea crisis,2026-02-28T18:20:09Z,AGiantPulsatingMindisaTerribleThingtoWaste,2026-02-28
Red Sea crisis,2026-02-28T19:00:39Z,Skitash,2026-02-28
Red Sea crisis,2026-02-28T23:34:46Z,Achmad Rachmani,2026-02-28
Red Sea crisis,2026-03-01T02:51:31Z,Hsnkn,2026-03-01
Red Sea crisis,2026-03-01T04:24:30Z,Achmad Rachmani,2026-03-01
Red Sea crisis,2026-03-01T04:26:47Z,Achmad Rachmani,2026-03-01
Red Sea crisis,2026-03-01T07:39:39Z,SpinnerLaserzthe2nd,2026-03-01
Red Sea crisis,2026-03-01T07:41:30Z,SpinnerLaserzthe2nd,2026-03-01
Red Sea crisis,2026-03-01T08:50:37Z,Achmad Rachmani,2026-03-01
Red Sea crisis,2026-03-01T12:10:04Z,Cyfraw,2026-03-01
Red Sea crisis,2026-03-01T12:46:00Z,Linkin Prankster,2026-03-01
Red Sea crisis,2026-03-04T15:35:03Z,Yeoutie,2026-03-04
Red Sea crisis,2026-03-04T16:53:35Z,9ninety,2026-03-04
Red Sea crisis,2026-03-04T20:35:32Z,Skitash,2026-03-04
Red Sea crisis,2026-03-04T22:42:40Z,Davidships,2026-03-04
Red Sea crisis,2026-03-04T22:49:11Z,Chomik1129,2026-03-04
Red Sea crisis,2026-03-04T23:52:29Z,Achmad Rachmani,2026-03-04
Red Sea crisis,2026-03-05T00:01:37Z,PrimalMustelid,2026-03-05
Red Sea crisis,2026-03-05T19:37:11Z,Chomik1129,2026-03-05
Red Sea crisis,2026-03-07T10:55:48Z,Cyfraw,2026-03-07
Red Sea crisis,2026-03-08T12:28:09Z,Romanov loyalist,2026-03-08
Red Sea crisis,2026-03-10T12:03:23Z,Progüvo06,2026-03-10
Red Sea crisis,2026-03-10T12:05:36Z,Progüvo06,2026-03-10
Red Sea crisis,2026-03-12T11:10:45Z,Cyfraw,2026-03-12
Red Sea crisis,2026-03-12T12:32:05Z,Achmad Rachmani,2026-03-12
Red Sea crisis,2026-03-12T12:33:39Z,Achmad Rachmani,2026-03-12
Red Sea crisis,2026-03-15T13:30:32Z,Linkin Prankster,2026-03-15
Red Sea crisis,2026-03-16T03:45:04Z,Jeffrey34555,2026-03-16
Red Sea crisis,2026-03-16T12:44:41Z,Dart210,2026-03-16
Red Sea crisis,2026-03-17T10:57:37Z,Cyfraw,2026-03-17
Red Sea crisis,2026-03-17T11:01:02Z,Cyfraw,2026-03-17
Red Sea crisis,2026-03-17T11:02:33Z,Cyfraw,2026-03-17
Red Sea crisis,2026-03-17T11:03:13Z,Cyfraw,2026-03-17
Red Sea crisis,2026-03-17T11:12:06Z,Cyfraw,2026-03-17
Red Sea crisis,2026-03-17T20:31:18Z,Cyfraw,2026-03-17
Red Sea crisis,2026-03-17T20:31:54Z,Cyfraw,2026-03-17
Red Sea crisis,2026-03-17T20:32:23Z,Cyfraw,2026-03-17
Red Sea crisis,2026-03-18T20:58:11Z,Cyfraw,2026-03-18
Red Sea crisis,2026-03-18T20:58:50Z,Cyfraw,2026-03-18
Red Sea crisis,2026-03-21T11:18:27Z,Cyfraw,2026-03-21
Red Sea crisis,2026-03-21T13:31:11Z,Davide King,2026-03-21
Red Sea crisis,2026-03-21T13:31:38Z,Davide King,2026-03-21
Red Sea crisis,2026-03-21T13:38:16Z,Davide King,2026-03-21
Red Sea crisis,2026-03-21T13:40:00Z,Davide King,2026-03-21
Red Sea crisis,2026-03-21T13:41:37Z,Davide King,2026-03-21
Red Sea crisis,2026-03-22T03:16:05Z,Zalaraz,2026-03-22
Red Sea crisis,2026-03-22T03:16:54Z,Zalaraz,2026-03-22
Red Sea crisis,2026-03-22T03:34:34Z,Zalaraz,2026-03-22
Red Sea crisis,2026-03-22T13:20:16Z,Maltazarian,2026-03-22
Red Sea crisis,2026-03-22T14:08:25Z,Achmad Rachmani,2026-03-22
Red Sea crisis,2026-03-22T14:10:06Z,Achmad Rachmani,2026-03-22
Red Sea crisis,2026-03-22T14:10:27Z,Achmad Rachmani,2026-03-22
Red Sea crisis,2026-03-22T14:11:25Z,Achmad Rachmani,2026-03-22
Red Sea crisis,2026-03-25T20:05:49Z,Cyfraw,2026-03-25
Red Sea crisis,2026-03-28T04:02:16Z,Yeoutie,2026-03-28
Red Sea crisis,2026-03-28T10:45:49Z,Chomik1129,2026-03-28
Red Sea crisis,2026-03-28T10:47:07Z,Chomik1129,2026-03-28
Red Sea crisis,2026-03-28T12:12:11Z,UtoD,2026-03-28
Red Sea crisis,2026-03-28T12:52:28Z,Achmad Rachmani,2026-03-28
Red Sea crisis,2026-03-28T12:52:52Z,Achmad Rachmani,2026-03-28
Red Sea crisis,2026-03-28T20:26:59Z,Hsnkn,2026-03-28
Red Sea crisis,2026-03-28T20:32:24Z,Hsnkn,2026-03-28
Red Sea crisis,2026-03-29T07:32:55Z,Cockfightermaster1969,2026-03-29
Red Sea crisis,2026-03-29T11:52:25Z,Cyfraw,2026-03-29
Red Sea crisis,2026-03-29T12:01:47Z,Linkin Prankster,2026-03-29
Red Sea crisis,2026-03-29T14:41:45Z,Skitash,2026-03-29
Red Sea crisis,2026-03-29T16:55:00Z,Chomik1129,2026-03-29
Red Sea crisis,2026-03-29T19:00:44Z,Arjayay,2026-03-29
Red Sea crisis,2026-04-02T19:35:06Z,UtoD,2026-04-02
Red Sea crisis,2026-04-03T04:22:38Z,Another Believer,2026-04-03
Red Sea crisis,2026-04-05T16:32:19Z,Teterev53,2026-04-05
Red Sea crisis,2026-04-07T00:38:47Z,Linkin Prankster,2026-04-07
Red Sea crisis,2026-04-07T04:07:22Z,Achmad Rachmani,2026-04-07
Red Sea crisis,2026-04-07T04:07:55Z,Achmad Rachmani,2026-04-07
Red Sea crisis,2026-04-07T11:40:40Z,Braganza,2026-04-07
Red Sea crisis,2026-04-09T11:11:45Z,Cyfraw,2026-04-09
Red Sea crisis,2026-04-09T11:23:19Z,Linkin Prankster,2026-04-09
Red Sea crisis,2026-04-10T05:15:50Z,Str1977,2026-04-10
Red Sea crisis,2026-04-10T16:36:05Z,Linkin Prankster,2026-04-10
Red Sea crisis,2026-04-21T22:23:25Z,Dash9Z,2026-04-21
Red Sea crisis,2026-04-22T14:43:42Z,Linkin Prankster,2026-04-22
Red Sea crisis,2026-04-22T15:04:19Z,Achmad Rachmani,2026-04-22
Red Sea crisis,2026-04-29T23:29:37Z,WMSR,2026-04-29
Red Sea crisis,2026-04-30T19:48:05Z,Gamapamani,2026-04-30
Red Sea crisis,2026-05-02T08:24:10Z,TGCP,2026-05-02
Red Sea crisis,2026-05-11T00:36:42Z,Dash9Z,2026-05-11
